{"accuracy": 0.8289026618003845, "precision": 0.6999519048453436, "recall": 0.7803815602836879, "f1_score": 0.7315217587714312}