{"accuracy": 0.7648673376029277, "precision": 0.7735333388566558, "recall": 0.7716736765766177, "f1_score": 0.772423705931469}