{"accuracy": 0.7397379912663755, "precision": 0.773135684326878, "recall": 0.7395393939393939, "f1_score": 0.749827896797781}