{"accuracy": 0.7807258310460506, "precision": 0.7812325575019725, "recall": 0.7806283746043567, "f1_score": 0.7808194794045856}