{"accuracy": 0.8071895424836601, "precision": 0.7755592779894889, "recall": 0.776772921811312, "f1_score": 0.7703107154905521}