{"accuracy": 0.7936, "precision": 0.7962897821358037, "recall": 0.7936000000000001, "f1_score": 0.7946948683156149}