Metric,Value
Precision,0.7782464536715586
Recall,0.7761194657523912
F1 Score,0.7768492234104285
