{"accuracy": 0.791076238435414, "precision": 0.7787613085799092, "recall": 0.7783167023448311, "f1_score": 0.777615590534858}