Metric,Neural Network,Gradient Boosting
Accuracy,0.8100436925888062,0.7397379912663755
Precision,0.6960724375528283,0.773135684326878
Recall,0.7837543147208123,0.7395393939393939
F1 Score,0.7274672448142226,0.749827896797781
