Metric,Neural Network,Gradient Boosting
Accuracy,0.7590728998184204,0.7807258310460506
Precision,0.665286381714395,0.7812325575019725
Recall,0.7641859274409932,0.7806283746043567
F1 Score,0.6985476861813991,0.7808194794045856
