Metric,Neural Network,Gradient Boosting
Accuracy,0.7609027028083801,0.7648673376029277
Precision,0.6652170506842301,0.7735333388566558
Recall,0.769460095023276,0.7716736765766177
F1 Score,0.701136304147908,0.772423705931469
