Metric,Neural Network,Gradient Boosting
Accuracy,0.7617999911308289,0.7936
Precision,0.6685801390213592,0.7962897821358037
Recall,0.7618,0.7936000000000001
F1 Score,0.6970248331465172,0.7946948683156149
