Metric,Neural Network,Gradient Boosting
Accuracy,0.7554132342338562,0.7648673376029277
Precision,0.6554801424729132,0.7735333388566558
Recall,0.7638335652925086,0.7716736765766177
F1 Score,0.6947625325482294,0.772423705931469
