{"accuracy": 0.7609027028083801, "precision": 0.6652170506842301, "recall": 0.769460095023276, "f1_score": 0.701136304147908}