{"accuracy": 0.8100436925888062, "precision": 0.6960724375528283, "recall": 0.7837543147208123, "f1_score": 0.7274672448142226}