{"accuracy": 0.8784956336021423, "precision": 0.7241431388400826, "recall": 0.7785184741144414, "f1_score": 0.7473737545013499}