{"accuracy": 0.7554132342338562, "precision": 0.6554801424729132, "recall": 0.7638335652925086, "f1_score": 0.6947625325482294}