{"accuracy": 0.7617999911308289, "precision": 0.6685801390213592, "recall": 0.7618, "f1_score": 0.6970248331465172}