{"accuracy": 0.7590728998184204, "precision": 0.665286381714395, "recall": 0.7641859274409932, "f1_score": 0.6985476861813991}